Generation,AverageFitness,BestFitness,WorstFitness
0,42566.39,61510.00,26490.00
1,50946.38,69930.00,36130.00
2,58554.47,77790.00,42790.00
3,65688.74,82210.00,49170.00
4,72626.48,87630.00,56250.00
5,78544.98,92550.00,63930.00
6,83857.52,96230.00,72370.00
7,88449.05,99570.00,76850.00
8,92565.76,103290.00,80150.00
9,96426.53,104670.00,87910.00
10,99259.76,105320.00,90570.00
11,101172.07,105875.00,92830.00
12,102261.48,105875.00,93570.00
13,102914.84,106385.00,94550.00
14,103216.75,106385.00,95930.00
15,103615.99,106385.00,94770.00
16,103644.34,106385.00,95030.00
17,103615.41,106385.00,94390.00
18,103780.55,106385.00,95330.00
19,103830.96,106385.00,95530.00
20,103882.93,106385.00,95890.00
21,103910.16,106385.00,95130.00
22,103991.17,106385.00,95430.00
23,104053.52,106490.00,96930.00
24,103996.52,106490.00,97390.00
25,104113.31,106490.00,94910.00
26,104103.23,106490.00,93370.00
27,104155.26,106490.00,95130.00
28,104258.41,106490.00,95710.00
29,104224.15,106595.00,95950.00
30,104372.20,106610.00,95670.00
31,104301.38,106610.00,97210.00
32,104371.32,106610.00,94030.00
33,104365.95,106610.00,97250.00
34,104329.22,106610.00,96190.00
35,104376.90,106610.00,96990.00
36,104418.98,106640.00,97750.00
37,104385.52,106640.00,96370.00
38,104390.51,106640.00,97510.00
39,104379.67,106640.00,96710.00
40,104490.73,106640.00,96150.00
41,104510.57,106730.00,96650.00
42,104498.71,106730.00,96190.00
43,104429.88,106730.00,96690.00
44,104508.12,106730.00,98010.00
45,104496.08,106730.00,97390.00
46,104491.20,106730.00,97250.00
47,104503.70,106730.00,97650.00
48,104512.81,106820.00,96210.00
49,104435.20,106820.00,96170.00
50,104553.59,106820.00,96750.00
51,104430.87,106820.00,95450.00
52,104475.18,106820.00,97690.00
53,104496.88,106820.00,97010.00
54,104530.16,106820.00,95210.00
55,104447.23,106820.00,98150.00
56,104505.05,106820.00,96270.00
57,104493.32,106820.00,97030.00
58,104477.58,106820.00,96050.00
59,104588.81,106820.00,97190.00
60,104521.55,106820.00,95950.00
61,104601.83,106820.00,97150.00
62,104545.95,106820.00,96750.00
63,104559.38,106820.00,96450.00
64,104643.61,106820.00,97470.00
65,104566.07,106820.00,96470.00
66,104527.38,106820.00,95350.00
67,104578.70,106820.00,97110.00
68,104601.59,106820.00,98010.00
69,104639.50,106820.00,97270.00
70,104589.07,106820.00,97970.00
71,104558.66,106820.00,97950.00
72,104559.12,106820.00,97210.00
73,104499.08,106820.00,97690.00
74,104578.21,106820.00,96690.00
75,104679.44,106820.00,98390.00
76,104557.84,106820.00,95910.00
77,104571.12,106820.00,98050.00
78,104583.03,106820.00,96010.00
79,104569.90,106820.00,96090.00
80,104623.59,106820.00,98070.00
81,104650.54,106820.00,97830.00
82,104592.98,106820.00,95690.00
83,104545.05,106820.00,96110.00
84,104624.97,106820.00,97970.00
85,104525.92,106820.00,95970.00
86,104546.34,106820.00,97930.00
87,104575.76,106820.00,97550.00
88,104583.40,106820.00,97150.00
89,104444.66,106820.00,95650.00
90,104569.70,106820.00,98110.00
91,104501.88,106820.00,97370.00
92,104476.34,106820.00,97550.00
93,104587.80,106820.00,97590.00
94,104510.94,106820.00,96410.00
95,104477.52,106820.00,97070.00
96,104576.16,106820.00,95890.00
97,104567.60,106820.00,97090.00
98,104588.95,106820.00,97390.00
99,104575.07,106820.00,96210.00
100,104425.77,106820.00,97930.00
101,104413.87,106820.00,96970.00
102,104452.83,106820.00,97490.00
103,104561.22,106820.00,94290.00
104,104443.27,106820.00,97010.00
105,104443.87,106820.00,96070.00
106,104470.54,106820.00,96590.00
107,104438.23,106820.00,97010.00
108,104542.65,106820.00,97330.00
109,104446.80,106820.00,98050.00
110,104689.16,106820.00,98750.00
111,104505.88,106820.00,97070.00
112,104517.37,106820.00,97630.00
113,104463.91,106820.00,97390.00
114,104512.63,106820.00,97250.00
115,104396.68,106820.00,95110.00
116,104502.23,106820.00,96430.00
117,104591.42,106820.00,96510.00
118,104591.99,106820.00,97890.00
119,104580.91,106820.00,97870.00
120,104616.96,106820.00,97250.00
121,104559.68,106820.00,97630.00
122,104687.41,106820.00,98210.00
123,104685.19,106820.00,98390.00
124,104633.77,106820.00,95950.00
125,104523.13,106820.00,98290.00
126,104666.41,106820.00,94890.00
127,104681.92,106820.00,96890.00
128,104715.01,106820.00,98310.00
129,104620.91,106820.00,98670.00
130,104665.88,106820.00,96890.00
131,104605.27,106820.00,97310.00
132,104592.21,106820.00,97230.00
133,104599.90,106820.00,96830.00
134,104635.55,106820.00,98230.00
135,104643.98,106820.00,97070.00
136,104602.74,106820.00,96750.00
137,104709.75,106820.00,94210.00
138,104718.50,106820.00,98190.00
139,104709.34,106820.00,97190.00
140,104671.43,106820.00,97050.00
141,104678.88,106820.00,96970.00
142,104685.91,106820.00,96210.00
143,104586.48,106820.00,95910.00
144,104637.51,106820.00,98370.00
145,104589.04,106820.00,97230.00
146,104529.95,106820.00,96210.00
147,104567.52,106820.00,97870.00
148,104633.53,106820.00,98190.00
149,104657.20,106820.00,97510.00
150,104613.20,106820.00,97130.00
151,104637.47,106820.00,98210.00
152,104664.07,106820.00,97010.00
153,104670.09,106820.00,97590.00
154,104664.38,106820.00,95970.00
155,104629.43,106820.00,98270.00
156,104667.38,106820.00,97350.00
157,104612.29,106820.00,98490.00
158,104642.38,106820.00,97110.00
159,104596.89,106820.00,97010.00
160,104546.25,106820.00,97870.00
161,104659.68,106820.00,97630.00
162,104558.55,106820.00,94970.00
163,104673.80,106820.00,98410.00
164,104685.87,106820.00,97330.00
165,104628.70,106820.00,98070.00
166,104538.11,106820.00,97590.00
167,104582.91,106820.00,98550.00
168,104639.23,106820.00,94490.00
169,104496.15,106820.00,97550.00
170,104599.39,106820.00,97550.00
171,104542.06,106820.00,94450.00
172,104565.16,106820.00,98430.00
173,104552.71,106820.00,97890.00
174,104567.98,106820.00,97750.00
175,104538.73,106850.00,95570.00
176,104581.16,106850.00,97150.00
177,104600.82,106850.00,95310.00
178,104645.57,106850.00,97370.00
179,104626.89,106850.00,97890.00
180,104651.88,106850.00,98630.00
181,104721.48,106850.00,98910.00
182,104742.12,106850.00,97790.00
183,104720.09,106850.00,98530.00
184,104749.78,106850.00,97790.00
185,104716.05,106850.00,96890.00
186,104832.29,106850.00,99370.00
187,104763.56,106850.00,97350.00
188,104821.36,106850.00,98010.00
189,104911.82,106850.00,97990.00
190,104975.88,106850.00,99230.00
191,105069.26,106850.00,99610.00
192,105064.43,106850.00,99670.00
193,105202.87,106850.00,99770.00
194,105266.25,106850.00,100170.00
195,105331.30,106850.00,98710.00
196,105386.38,106850.00,101090.00
197,105374.73,106850.00,101170.00
198,105278.83,106850.00,99650.00
199,105341.23,106850.00,99730.00
200,105384.98,106850.00,100490.00
201,105395.11,106850.00,97570.00
202,105473.91,106850.00,99490.00
203,105361.66,106850.00,98930.00
204,105340.30,106850.00,98330.00
205,105377.06,106850.00,100170.00
206,105341.98,106850.00,99650.00
207,105317.42,106850.00,100670.00
208,105322.47,106880.00,98870.00
209,105363.98,106880.00,99390.00
210,105337.13,106880.00,99590.00
211,105361.78,106910.00,98730.00
212,105371.27,106910.00,99990.00
213,105348.30,106910.00,100930.00
214,105431.28,106910.00,100310.00
215,105377.94,106910.00,99530.00
216,105410.48,106910.00,98690.00
217,105320.57,106910.00,98630.00
218,105327.45,106910.00,98990.00
219,105340.86,106910.00,100050.00
220,105380.66,106910.00,98810.00
221,105352.86,106910.00,99170.00
222,105278.34,106910.00,101030.00
223,105364.38,106910.00,100350.00
224,105332.76,106910.00,100790.00
225,105298.86,106910.00,99410.00
226,105343.93,106910.00,100350.00
227,105311.98,106910.00,98190.00
228,105312.16,106910.00,99170.00
229,105298.61,106910.00,98730.00
230,105384.06,106910.00,99670.00
231,105420.72,106910.00,99970.00
232,105410.42,106910.00,100490.00
233,105401.43,106910.00,100710.00
234,105415.18,106910.00,99470.00
235,105507.52,106910.00,101290.00
236,105534.14,106910.00,101350.00
237,105502.22,106910.00,100090.00
238,105490.93,106910.00,101290.00
239,105506.00,106910.00,101290.00
240,105497.07,106910.00,98310.00
241,105532.68,106910.00,100930.00
242,105476.27,106910.00,100230.00
243,105438.54,106910.00,100130.00
244,105414.37,106910.00,100550.00
245,105464.88,106910.00,99530.00
246,105449.24,106910.00,99630.00
247,105439.39,106910.00,100350.00
248,105410.23,106910.00,99410.00
249,105480.86,106910.00,100350.00
250,105466.88,106910.00,101110.00
251,105423.02,106910.00,101470.00
252,105471.66,106910.00,100730.00
253,105493.96,106910.00,101030.00
254,105504.93,106910.00,100710.00
255,105549.55,106910.00,101490.00
256,105532.98,106910.00,101410.00
257,105524.45,106910.00,100310.00
258,105476.26,106910.00,97130.00
259,105530.73,106910.00,99410.00
260,105548.57,106910.00,99910.00
261,105452.67,106910.00,99670.00
262,105427.00,106910.00,100790.00
263,105480.25,106910.00,101350.00
264,105456.40,106910.00,100030.00
265,105457.88,106910.00,100590.00
266,105462.69,106910.00,100970.00
267,105493.37,106910.00,100430.00
268,105460.41,106910.00,99710.00
269,105462.64,106910.00,100170.00
270,105445.20,106910.00,99850.00
271,105472.55,106910.00,100930.00
272,105470.11,106910.00,100570.00
273,105483.34,106910.00,99350.00
274,105491.70,106910.00,101150.00
275,105484.38,106910.00,100990.00
276,105512.86,106910.00,99950.00
277,105505.95,106910.00,101210.00
278,105521.05,106910.00,100970.00
279,105481.35,106910.00,100170.00
280,105455.07,106910.00,100610.00
281,105458.28,106910.00,101050.00
282,105445.16,106910.00,100850.00
283,105501.29,106910.00,99110.00
284,105559.48,106910.00,99370.00
285,105513.35,106910.00,100530.00
286,105445.51,106910.00,100350.00
287,105477.38,106910.00,100970.00
288,105420.66,106910.00,99550.00
289,105503.60,106910.00,100870.00
290,105498.75,106910.00,101150.00
291,105490.52,106910.00,99930.00
292,105534.03,106910.00,99990.00
293,105519.95,106910.00,101050.00
294,105494.80,106910.00,100190.00
295,105472.81,106910.00,101470.00
296,105482.52,106910.00,100290.00
297,105468.90,106910.00,101410.00
298,105439.17,106910.00,99770.00
299,105435.30,106910.00,100870.00
300,105525.23,106910.00,99470.00
301,105511.09,106910.00,99990.00
302,105523.56,106910.00,100610.00
303,105494.80,106910.00,100290.00
304,105502.04,106910.00,100650.00
305,105488.38,106910.00,98870.00
306,105568.12,106910.00,101250.00
307,105480.89,106910.00,100170.00
308,105436.34,106910.00,98110.00
309,105454.32,106910.00,98110.00
310,105482.93,106910.00,100790.00
311,105505.93,106910.00,100230.00
312,105516.16,106910.00,100910.00
313,105510.80,106910.00,100850.00
314,105493.80,106910.00,99370.00
315,105521.04,106910.00,101470.00
316,105537.57,106910.00,100670.00
317,105523.95,106910.00,99370.00
318,105531.44,106910.00,101590.00
319,105494.07,106910.00,99670.00
320,105471.73,106910.00,99410.00
321,105535.20,106910.00,101010.00
322,105464.34,106910.00,99390.00
323,105453.20,106910.00,99370.00
324,105416.91,106910.00,101230.00
325,105445.66,106910.00,100110.00
326,105449.71,106910.00,100850.00
327,105527.34,106910.00,100930.00
328,105452.45,106910.00,101450.00
329,105485.75,106910.00,98990.00
330,105398.13,106910.00,100530.00
331,105422.62,106910.00,99830.00
332,105488.51,106910.00,100590.00
333,105455.09,106910.00,99490.00
334,105508.62,106910.00,100850.00
335,105409.08,106910.00,100190.00
336,105464.77,106910.00,100730.00
337,105412.56,106910.00,101150.00
338,105467.38,106910.00,99470.00
339,105514.12,106910.00,98570.00
340,105546.98,106910.00,100530.00
341,105512.28,106910.00,99610.00
342,105453.74,106910.00,100230.00
343,105469.45,106910.00,101550.00
344,105534.96,106910.00,100410.00
345,105529.25,106910.00,101590.00
346,105560.88,106910.00,100790.00
347,105516.45,106910.00,100470.00
348,105536.93,106910.00,101030.00
349,105565.23,106910.00,100710.00
350,105488.07,106910.00,101290.00
351,105513.94,106910.00,101590.00
352,105487.05,106910.00,100170.00
353,105441.16,106910.00,99410.00
354,105526.17,106910.00,99690.00
355,105499.91,106910.00,100590.00
356,105423.66,106910.00,100050.00
357,105459.81,106910.00,100590.00
358,105462.46,106910.00,100050.00
359,105526.02,106970.00,100590.00
360,105519.34,106970.00,98930.00
361,105496.35,106970.00,100410.00
362,105515.20,106970.00,99870.00
363,105510.44,106970.00,100990.00
364,105524.70,106970.00,100290.00
365,105549.43,106970.00,100670.00
366,105507.97,106970.00,100930.00
367,105479.21,106970.00,101250.00
368,105484.77,106970.00,101410.00
369,105492.50,106970.00,101470.00
370,105454.73,106970.00,100230.00
371,105429.40,106970.00,100470.00
372,105413.20,106970.00,100290.00
373,105402.12,106970.00,99990.00
374,105455.81,106970.00,100910.00
375,105500.34,106970.00,100470.00
376,105437.02,106970.00,100290.00
377,105455.28,106970.00,100210.00
378,105482.42,106970.00,99850.00
379,105487.93,106970.00,98750.00
380,105429.37,106970.00,99170.00
381,105414.91,106970.00,98110.00
382,105454.48,106970.00,100470.00
383,105500.91,106970.00,100650.00
384,105479.95,106970.00,100230.00
385,105479.01,106970.00,99810.00
386,105436.45,106970.00,99870.00
387,105453.52,106970.00,101110.00
388,105448.54,106970.00,100230.00
389,105489.37,106970.00,101070.00
390,105397.81,106970.00,99810.00
391,105453.95,106970.00,100690.00
392,105504.53,106970.00,99730.00
393,105516.14,106970.00,100410.00
394,105502.98,106970.00,99230.00
395,105469.95,106970.00,100350.00
396,105494.81,106970.00,100870.00
397,105477.66,106970.00,100230.00
398,105493.66,106970.00,100110.00
399,105444.12,106970.00,100770.00
400,105434.07,106970.00,100470.00
401,105449.35,106970.00,99550.00
402,105417.75,106970.00,99290.00
403,105431.81,106970.00,99510.00
404,105429.62,106970.00,100910.00
405,105457.20,106970.00,100470.00
406,105464.70,106970.00,98470.00
407,105427.82,106970.00,98990.00
408,105394.68,106970.00,100770.00
409,105428.59,106970.00,100970.00
410,105486.84,106970.00,101190.00
411,105436.70,106970.00,100990.00
412,105370.98,106970.00,100010.00
413,105419.05,106970.00,101050.00
414,105391.02,106970.00,99730.00
415,105369.88,106970.00,100230.00
416,105443.29,106970.00,101170.00
417,105390.83,106970.00,99110.00
418,105442.05,106970.00,98930.00
419,105401.02,106970.00,99470.00
420,105448.89,106970.00,101370.00
421,105418.45,106970.00,99370.00
422,105396.20,106970.00,99810.00
423,105435.87,106970.00,100610.00
424,105492.93,106970.00,100990.00
425,105399.18,106970.00,99770.00
426,105398.53,106970.00,101190.00
427,105454.32,106970.00,100710.00
428,105478.62,106970.00,101030.00
429,105461.58,106970.00,100550.00
430,105436.80,106970.00,100350.00
431,105451.70,106970.00,101090.00
432,105444.62,106970.00,99370.00
433,105427.29,106970.00,99650.00
434,105417.68,106970.00,99730.00
435,105497.51,106970.00,100730.00
436,105419.53,106970.00,100930.00
437,105551.48,106970.00,99670.00
438,105577.38,106970.00,100690.00
439,105618.91,106970.00,99650.00
440,105508.44,106970.00,101290.00
441,105567.36,106970.00,101110.00
442,105558.38,106970.00,101470.00
443,105564.25,106970.00,100670.00
444,105641.41,106970.00,102170.00
445,105577.12,106970.00,100710.00
446,105603.16,106970.00,101050.00
447,105620.25,106970.00,100390.00
448,105607.59,106970.00,99530.00
449,105565.15,106970.00,100930.00
450,105537.57,106970.00,99110.00
451,105593.43,106970.00,100470.00
452,105580.27,106970.00,101350.00
453,105576.97,106970.00,101290.00
454,105668.02,106970.00,100810.00
455,105615.15,106970.00,101470.00
456,105596.91,106970.00,101230.00
457,105596.58,106970.00,99230.00
458,105602.59,106970.00,101490.00
459,105574.16,106970.00,101410.00
460,105578.48,106970.00,101110.00
461,105597.26,106970.00,101250.00
462,105564.95,106970.00,99650.00
463,105605.89,106970.00,99850.00
464,105572.43,106970.00,100170.00
465,105554.84,106970.00,101350.00
466,105540.83,106970.00,101190.00
467,105499.89,106970.00,100650.00
468,105492.75,106970.00,99730.00
469,105546.77,106970.00,100530.00
470,105433.70,106970.00,100350.00
471,105523.00,106970.00,99810.00
472,105566.02,106970.00,101350.00
473,105519.32,106970.00,100470.00
474,105528.30,106970.00,100970.00
475,105552.26,106970.00,100670.00
476,105568.32,106970.00,101590.00
477,105549.38,106970.00,100730.00
478,105561.19,106970.00,100850.00
479,105527.51,106970.00,100350.00
480,105520.91,106970.00,100530.00
481,105593.82,106970.00,100910.00
482,105552.88,106970.00,100890.00
483,105526.91,106970.00,100410.00
484,105541.03,106970.00,101090.00
485,105575.85,106970.00,97690.00
486,105571.30,106970.00,101170.00
487,105597.38,106970.00,101290.00
488,105558.88,106970.00,100650.00
489,105619.93,106970.00,100470.00
490,105581.63,106970.00,100870.00
491,105519.75,106970.00,96930.00
492,105571.29,106970.00,101090.00
493,105548.37,106970.00,98870.00
494,105567.12,106970.00,99410.00
495,105520.48,106970.00,100410.00
496,105524.05,106970.00,100790.00
497,105585.88,106970.00,100110.00
498,105608.48,106970.00,100170.00
499,105583.77,106970.00,100530.00
500,105568.97,106970.00,100910.00
501,105590.90,106970.00,101050.00
502,105597.62,106970.00,101290.00
503,105642.61,106970.00,99290.00
504,105595.31,106970.00,99710.00
505,105592.02,106970.00,101530.00
506,105515.48,106970.00,99430.00
507,105598.85,106970.00,100970.00
508,105499.68,106970.00,99650.00
509,105538.38,106970.00,99530.00
510,105555.16,106970.00,99990.00
511,105556.77,106970.00,100490.00
512,105562.90,106970.00,97990.00
513,105524.34,106970.00,101050.00
514,105510.80,106970.00,101050.00
515,105555.48,106970.00,100030.00
516,105618.88,106970.00,101290.00
517,105556.58,106970.00,100170.00
518,105583.69,106970.00,101290.00
519,105547.58,106970.00,100410.00
520,105478.18,106970.00,99170.00
521,105594.34,106970.00,100350.00
522,105509.66,106970.00,101190.00
523,105568.10,106970.00,100470.00
524,105558.48,106970.00,100770.00
525,105556.95,106970.00,99530.00
526,105605.57,106970.00,99170.00
527,105547.61,106970.00,101050.00
528,105593.42,106970.00,101650.00
529,105573.34,106970.00,101530.00
530,105559.20,106970.00,100170.00
531,105586.75,106970.00,101350.00
532,105562.32,106970.00,100730.00
533,105591.25,106970.00,97610.00
534,105547.23,106970.00,102110.00
535,105576.38,106970.00,100170.00
536,105602.82,106970.00,100070.00
537,105563.22,106970.00,100810.00
538,105546.02,106970.00,100910.00
539,105579.53,106970.00,100890.00
540,105528.64,106970.00,99730.00
541,105588.07,106970.00,100290.00
542,105598.69,106970.00,98750.00
543,105539.74,106970.00,98930.00
544,105542.25,106970.00,101410.00
545,105541.71,106970.00,101370.00
546,105566.41,106970.00,100650.00
547,105547.77,106970.00,101490.00
548,105546.25,106970.00,100590.00
549,105489.88,106970.00,101250.00
550,105596.65,106970.00,100970.00
551,105548.82,106970.00,100810.00
552,105585.62,106970.00,101570.00
553,105579.67,106970.00,101170.00
554,105550.70,106970.00,99410.00
555,105592.80,106970.00,100550.00
556,105573.73,106970.00,100310.00
557,105545.08,106970.00,101050.00
558,105557.95,106970.00,101110.00
559,105555.62,106970.00,100530.00
560,105530.71,106970.00,100790.00
561,105535.25,106970.00,101410.00
562,105539.44,106970.00,100470.00
563,105542.13,106970.00,99290.00
564,105509.73,106970.00,100350.00
565,105596.59,106970.00,101230.00
566,105604.32,106970.00,101150.00
567,105544.09,106970.00,101110.00
568,105572.25,106970.00,100230.00
569,105629.66,106970.00,101170.00
570,105588.34,106970.00,101590.00
571,105606.45,106970.00,101170.00
572,105645.74,106970.00,100650.00
573,105611.57,106970.00,100790.00
574,105575.20,106970.00,100810.00
575,105584.90,106970.00,101730.00
576,105641.28,106970.00,101170.00
577,105549.27,106970.00,100450.00
578,105575.39,106970.00,101030.00
579,105614.43,106970.00,101290.00
580,105575.60,106970.00,100410.00
581,105551.20,106970.00,98910.00
582,105541.07,106970.00,100410.00
583,105516.12,106970.00,101470.00
584,105476.75,106970.00,98410.00
585,105526.60,106970.00,96930.00
586,105595.04,106970.00,99590.00
587,105617.52,106970.00,100070.00
588,105580.98,106970.00,101110.00
589,105575.75,106970.00,101650.00
590,105597.57,106970.00,101190.00
591,105579.96,106970.00,100290.00
592,105581.78,106970.00,100670.00
593,105622.53,106970.00,100050.00
594,105577.09,106970.00,101490.00
595,105625.47,106970.00,101030.00
596,105591.93,106970.00,101170.00
597,105537.62,106970.00,101530.00
598,105516.31,106970.00,100750.00
599,105549.20,106970.00,100490.00
600,105467.24,106970.00,99230.00
601,105535.01,106970.00,100290.00
602,105556.48,106970.00,100790.00
603,105621.20,106970.00,98490.00
604,105566.22,106970.00,101270.00
605,105545.37,106970.00,100850.00
606,105548.70,106970.00,99990.00
607,105675.13,106970.00,100470.00
608,105613.45,106970.00,101410.00
609,105611.47,106970.00,101550.00
610,105532.08,106970.00,101290.00
611,105543.00,106970.00,100410.00
612,105605.66,106970.00,99910.00
613,105591.39,106970.00,99250.00
614,105585.53,106970.00,99810.00
615,105585.34,106970.00,101290.00
616,105568.52,106970.00,99290.00
617,105611.38,106970.00,101110.00
618,105579.12,106970.00,101290.00
619,105550.48,106970.00,98870.00
620,105523.67,106970.00,99290.00
621,105519.16,106970.00,100870.00
622,105529.15,106970.00,100610.00
623,105609.48,106970.00,100910.00
624,105577.24,106970.00,101770.00
625,105589.55,106970.00,100850.00
626,105608.21,106970.00,99230.00
627,105607.84,106970.00,101230.00
628,105569.90,106970.00,101170.00
629,105588.02,106970.00,101170.00
630,105541.96,106970.00,101710.00
631,105550.36,106970.00,100550.00
632,105581.48,106970.00,100410.00
633,105568.04,106970.00,100630.00
634,105547.16,106970.00,100710.00
635,105616.85,106970.00,101410.00
636,105567.02,106970.00,101470.00
637,105553.80,106970.00,100550.00
638,105564.62,106970.00,100730.00
639,105551.70,106970.00,100490.00
640,105539.45,106970.00,100290.00
641,105542.62,106970.00,99470.00
642,105566.05,106970.00,100350.00
643,105569.16,106970.00,100990.00
644,105548.83,106970.00,100230.00
645,105486.50,106970.00,100970.00
646,105431.43,106970.00,101410.00
647,105587.05,106970.00,101770.00
648,105591.94,106970.00,100370.00
649,105613.59,106970.00,101350.00
650,105590.07,106970.00,101050.00
651,105576.98,106970.00,101610.00
652,105527.84,106970.00,100230.00
653,105629.56,106970.00,101110.00
654,105509.57,106970.00,100490.00
655,105547.07,106970.00,101670.00
656,105514.00,106970.00,100890.00
657,105500.73,106970.00,100130.00
658,105576.66,106970.00,99490.00
659,105560.66,106970.00,100870.00
660,105553.28,106970.00,100990.00
661,105557.77,106970.00,99410.00
662,105583.59,106970.00,100110.00
663,105580.55,106970.00,101170.00
664,105622.92,106970.00,100470.00
665,105604.58,106970.00,101270.00
666,105496.79,106970.00,100930.00
667,105600.14,106970.00,100190.00
668,105611.80,106970.00,101230.00
669,105567.98,106970.00,98730.00
670,105585.30,106970.00,100030.00
671,105580.50,106970.00,101210.00
672,105554.88,106970.00,101550.00
673,105539.34,106970.00,101090.00
674,105533.55,106970.00,100370.00
675,105614.83,106970.00,100790.00
676,105563.38,106970.00,101430.00
677,105572.23,106970.00,101170.00
678,105656.32,106970.00,101850.00
679,105581.36,106970.00,101590.00
680,105573.20,106970.00,99990.00
681,105559.27,106970.00,100350.00
682,105539.66,106970.00,100610.00
683,105588.48,106970.00,101670.00
684,105605.57,106970.00,101110.00
685,105596.30,106970.00,101590.00
686,105526.20,106970.00,100290.00
687,105556.25,106970.00,99410.00
688,105498.79,106970.00,99410.00
689,105541.91,106970.00,100970.00
690,105503.57,106970.00,101530.00
691,105518.07,106970.00,99410.00
692,105606.73,106970.00,101350.00
693,105615.84,106970.00,100970.00
694,105581.50,106970.00,100610.00
695,105663.62,106970.00,100590.00
696,105540.92,106970.00,100050.00
697,105580.37,106970.00,100690.00
698,105557.38,106970.00,100650.00
699,105577.38,106970.00,100470.00
700,105561.77,106970.00,101170.00
701,105519.05,106970.00,100350.00
702,105539.36,106970.00,101230.00
703,105588.90,106970.00,101230.00
704,105571.66,106970.00,100870.00
705,105528.27,106970.00,100970.00
706,105547.20,106970.00,101750.00
707,105526.68,106970.00,101350.00
708,105581.34,106970.00,101110.00
709,105587.32,106970.00,101010.00
710,105531.56,106970.00,101230.00
711,105572.07,106970.00,101230.00
712,105606.95,106970.00,101410.00
713,105546.88,106970.00,101290.00
714,105567.88,106970.00,101490.00
715,105553.25,106970.00,101410.00
716,105525.28,106970.00,100290.00
717,105518.46,106970.00,100990.00
718,105565.16,106970.00,99350.00
719,105609.70,106970.00,100530.00
720,105521.21,106970.00,101230.00
721,105560.20,106970.00,101530.00
722,105606.29,106970.00,100690.00
723,105596.00,106970.00,98530.00
724,105537.50,106970.00,100170.00
725,105555.41,106970.00,100050.00
726,105532.92,106970.00,98170.00
727,105572.46,106970.00,100250.00
728,105530.30,106970.00,100590.00
729,105596.09,106970.00,101350.00
730,105565.45,106970.00,100410.00
731,105559.58,106970.00,101230.00
732,105511.45,106970.00,99590.00
733,105549.12,106970.00,100830.00
734,105606.74,106970.00,100990.00
735,105591.83,106970.00,101350.00
736,105582.34,106970.00,100350.00
737,105574.82,106970.00,100850.00
738,105599.25,106970.00,101010.00
739,105622.82,106970.00,101590.00
740,105653.14,106970.00,100410.00
741,105570.94,106970.00,101110.00
742,105577.64,106970.00,100530.00
743,105560.62,106970.00,101090.00
744,105554.91,106970.00,100050.00
745,105610.34,106970.00,100830.00
746,105570.74,106970.00,101230.00
747,105558.12,106970.00,99670.00
748,105569.00,106970.00,101730.00
749,105569.01,106970.00,100710.00
750,105604.96,106970.00,101530.00
751,105565.28,106970.00,101170.00
752,105581.70,106970.00,101290.00
753,105557.34,106970.00,99230.00
754,105510.77,106970.00,100410.00
755,105504.91,106970.00,100350.00
756,105536.25,106970.00,99930.00
757,105526.31,106970.00,100850.00
758,105509.79,106970.00,99410.00
759,105569.61,106970.00,99630.00
760,105580.55,106970.00,101310.00
761,105518.17,106970.00,100650.00
762,105615.48,106970.00,102170.00
763,105611.48,106970.00,101490.00
764,105567.45,106970.00,99530.00
765,105533.75,106970.00,100530.00
766,105525.39,106970.00,98290.00
767,105487.20,106970.00,97110.00
768,105597.62,106970.00,101850.00
769,105602.53,106970.00,100170.00
770,105578.84,106970.00,100470.00
771,105635.01,106970.00,100390.00
772,105556.73,106970.00,99410.00
773,105567.27,106970.00,101290.00
774,105520.82,106970.00,102230.00
775,105562.73,106970.00,101110.00
776,105540.05,106970.00,101550.00
777,105510.41,106970.00,98510.00
778,105614.64,106970.00,100470.00
779,105667.94,106970.00,102150.00
780,105610.43,106970.00,101170.00
781,105673.10,106970.00,100230.00
782,105604.08,106970.00,100410.00
783,105567.23,106970.00,100290.00
784,105521.77,106970.00,97810.00
785,105509.81,106970.00,101050.00
786,105549.79,106970.00,100730.00
787,105580.55,106970.00,100110.00
788,105536.20,106970.00,100410.00
789,105516.67,106970.00,100970.00
790,105570.20,106970.00,101590.00
791,105532.62,106970.00,100470.00
792,105592.38,106970.00,101590.00
793,105624.47,106970.00,99910.00
794,105513.88,106970.00,100770.00
795,105572.26,106970.00,100850.00
796,105542.57,106970.00,97110.00
797,105558.43,106970.00,101250.00
798,105546.80,106970.00,100830.00
799,105540.38,106970.00,101470.00
800,105546.67,106970.00,100310.00
801,105578.77,106970.00,99350.00
802,105639.25,106970.00,100050.00
803,105547.54,106970.00,99170.00
804,105554.95,106970.00,98530.00
805,105527.53,106970.00,100050.00
806,105556.92,106970.00,99750.00
807,105585.41,106970.00,101290.00
808,105554.88,106970.00,100050.00
809,105568.16,106970.00,101110.00
810,105606.88,106970.00,99870.00
811,105565.34,106970.00,100530.00
812,105555.96,106970.00,99370.00
813,105577.14,106970.00,101530.00
814,105611.23,106970.00,101050.00
815,105562.01,106970.00,100290.00
816,105602.41,106970.00,101230.00
817,105612.07,106970.00,100470.00
818,105636.70,106970.00,100890.00
819,105572.13,106970.00,100530.00
820,105497.05,106970.00,101350.00
821,105566.25,106970.00,101350.00
822,105498.15,106970.00,100970.00
823,105542.98,106970.00,98370.00
824,105561.77,106970.00,100550.00
825,105511.20,106970.00,101350.00
826,105508.52,106970.00,99870.00
827,105516.39,106970.00,100650.00
828,105537.17,106970.00,98590.00
829,105535.46,106970.00,100590.00
830,105500.37,106970.00,99930.00
831,105510.89,106970.00,98410.00
832,105530.26,106970.00,100410.00
833,105593.57,106970.00,100450.00
834,105597.20,106970.00,98630.00
835,105630.77,106970.00,101530.00
836,105564.93,106970.00,102150.00
837,105505.45,106970.00,100010.00
838,105572.34,106970.00,98990.00
839,105577.68,106970.00,100530.00
840,105600.59,106970.00,101170.00
841,105590.27,106970.00,100110.00
842,105620.46,106970.00,100590.00
843,105586.34,106970.00,99710.00
844,105595.47,106970.00,100350.00
845,105593.23,106970.00,100870.00
846,105564.07,106970.00,99710.00
847,105564.88,106970.00,101190.00
848,105540.30,106970.00,98050.00
849,105510.52,106970.00,99650.00
850,105578.46,106970.00,99410.00
851,105546.18,106970.00,101290.00
852,105556.70,106970.00,100170.00
853,105585.41,106970.00,101810.00
854,105598.23,106970.00,99430.00
855,105531.93,106970.00,99970.00
856,105627.41,106970.00,99770.00
857,105535.52,106970.00,100590.00
858,105576.08,106970.00,100790.00
859,105604.75,106970.00,101730.00
860,105563.83,106970.00,101530.00
861,105594.04,106970.00,100910.00
862,105597.24,106970.00,101290.00
863,105565.77,106970.00,100470.00
864,105600.84,106970.00,101110.00
865,105579.13,106970.00,99510.00
866,105616.88,106970.00,100290.00
867,105612.51,106970.00,99110.00
868,105585.44,106970.00,101110.00
869,105635.40,106970.00,101250.00
870,105558.98,106970.00,100970.00
871,105524.07,106970.00,99550.00
872,105538.20,106970.00,100650.00
873,105567.19,106970.00,99290.00
874,105571.98,106970.00,99290.00
875,105564.12,106970.00,101530.00
876,105588.77,106970.00,100470.00
877,105618.35,106970.00,100350.00
878,105556.16,106970.00,101150.00
879,105522.99,106970.00,100590.00
880,105542.39,106970.00,101070.00
881,105582.25,106970.00,100870.00
882,105544.08,106970.00,100110.00
883,105623.46,106970.00,101350.00
884,105683.66,106970.00,101530.00
885,105650.04,106970.00,101730.00
886,105558.80,106970.00,100170.00
887,105569.30,106970.00,101170.00
888,105569.05,106970.00,101170.00
889,105521.82,106970.00,100110.00
890,105546.67,106970.00,100590.00
891,105529.73,106970.00,100950.00
892,105570.07,106970.00,100290.00
893,105587.42,106970.00,101230.00
894,105564.04,106970.00,101430.00
895,105589.48,106970.00,101030.00
896,105555.10,106970.00,101430.00
897,105570.11,106970.00,101690.00
898,105550.07,106970.00,100770.00
899,105626.75,106970.00,101530.00
900,105618.13,106970.00,100930.00
901,105640.62,106970.00,101030.00
902,105604.23,106970.00,101430.00
903,105576.85,106970.00,101470.00
904,105535.61,106970.00,100610.00
905,105573.23,106970.00,101530.00
906,105593.08,106970.00,100590.00
907,105562.27,106970.00,100590.00
908,105561.17,106970.00,99230.00
909,105598.98,106970.00,99650.00
910,105570.97,106970.00,100290.00
911,105528.94,106970.00,100810.00
912,105634.52,106970.00,101590.00
913,105617.19,106970.00,101470.00
914,105576.92,106970.00,101170.00
915,105551.93,106970.00,99530.00
916,105545.53,106970.00,97990.00
917,105552.35,106970.00,100930.00
918,105563.15,106970.00,100990.00
919,105593.95,106970.00,100050.00
920,105600.48,106970.00,100530.00
921,105601.39,106970.00,101110.00
922,105584.41,106970.00,100430.00
923,105550.25,106970.00,101290.00
924,105586.72,106970.00,99130.00
925,105563.25,106970.00,100590.00
926,105557.50,106970.00,100970.00
927,105539.91,106970.00,100350.00
928,105606.23,106970.00,102090.00
929,105578.61,106970.00,97990.00
930,105550.40,106970.00,98750.00
931,105544.02,106970.00,99990.00
932,105513.75,106970.00,100430.00
933,105574.80,106970.00,99850.00
934,105602.02,106970.00,99970.00
935,105567.65,106970.00,101530.00
936,105567.37,106970.00,100890.00
937,105524.55,106970.00,98650.00
938,105514.18,106970.00,101430.00
939,105572.38,106970.00,101350.00
940,105634.52,106970.00,101470.00
941,105566.66,106970.00,100290.00
942,105592.62,106970.00,101410.00
943,105538.82,106970.00,101230.00
944,105567.90,106970.00,101290.00
945,105575.80,106970.00,100310.00
946,105559.62,106970.00,101670.00
947,105643.55,106970.00,101470.00
948,105550.50,106970.00,101790.00
949,105596.05,106970.00,99870.00
950,105588.22,106970.00,100110.00
951,105599.83,106970.00,100230.00
952,105587.72,106970.00,99350.00
953,105562.16,106970.00,101170.00
954,105558.41,106970.00,101170.00
955,105572.91,106970.00,100990.00
956,105569.62,106970.00,99230.00
957,105628.85,106970.00,99290.00
958,105615.85,106970.00,100030.00
959,105619.88,106970.00,100970.00
960,105605.77,106970.00,100430.00
961,105593.93,106970.00,101710.00
962,105619.69,106970.00,100710.00
963,105589.77,106970.00,100430.00
964,105591.13,106970.00,101970.00
965,105564.73,106970.00,99650.00
966,105489.07,106970.00,100030.00
967,105593.41,106970.00,100110.00
968,105619.67,106970.00,100770.00
969,105640.58,106970.00,100370.00
970,105633.88,106970.00,101530.00
971,105583.66,106970.00,100990.00
972,105558.15,106970.00,100470.00
973,105565.20,106970.00,98990.00
974,105547.88,106970.00,100650.00
975,105600.67,106970.00,100090.00
976,105595.38,106970.00,101490.00
977,105548.32,106970.00,100250.00
978,105608.90,106970.00,99430.00
979,105577.45,106970.00,101590.00
980,105653.84,106970.00,101770.00
981,105556.04,106970.00,99410.00
982,105543.08,106970.00,99490.00
983,105550.62,106970.00,100530.00
984,105595.32,106970.00,101590.00
985,105516.12,106970.00,98070.00
986,105482.92,106970.00,100670.00
987,105574.70,106970.00,100930.00
988,105587.25,106970.00,100650.00
989,105600.17,106970.00,100110.00
990,105608.16,106970.00,101350.00
991,105557.15,106970.00,100410.00
992,105602.03,106970.00,101350.00
993,105582.72,106970.00,101230.00
994,105594.10,106970.00,101190.00
995,105609.91,106970.00,99410.00
996,105582.74,106970.00,100290.00
997,105518.91,106970.00,99810.00
998,105561.86,106970.00,101130.00
999,105597.62,106970.00,100530.00
1000,105497.08,106970.00,100890.00
